[
    {
        "kecamatan": "ASEM ROWO",
        "jumlah_miskin": 433
    },
    {
        "kecamatan": "BENOWO",
        "jumlah_miskin": 215
    },
    {
        "kecamatan": "BUBUTAN",
        "jumlah_miskin": 709
    },
    {
        "kecamatan": "BULAK",
        "jumlah_miskin": 265
    },
    {
        "kecamatan": "DUKUH PAKIS",
        "jumlah_miskin": 1414
    },
    {
        "kecamatan": "GAYUNGAN",
        "jumlah_miskin": 211
    },
    {
        "kecamatan": "GENTENG",
        "jumlah_miskin": 1077
    },
    {
        "kecamatan": "GUBENG",
        "jumlah_miskin": 1221
    },
    {
        "kecamatan": "GUNUNG ANYAR",
        "jumlah_miskin": 122
    },
    {
        "kecamatan": "JAMBANGAN",
        "jumlah_miskin": 1608
    },
    {
        "kecamatan": "KARANG PILANG",
        "jumlah_miskin": 2658
    },
    {
        "kecamatan": "KENJERAN",
        "jumlah_miskin": 4318
    },
    {
        "kecamatan": "KREMBANGAN",
        "jumlah_miskin": 6785
    },
    {
        "kecamatan": "LAKARSANTRI",
        "jumlah_miskin": 382
    },
    {
        "kecamatan": "MULYOREJO",
        "jumlah_miskin": 717
    },
    {
        "kecamatan": "PABEAN CANTIAN",
        "jumlah_miskin": 3392
    },
    {
        "kecamatan": "PAKAL",
        "jumlah_miskin": 762
    },
    {
        "kecamatan": "RUNGKUT",
        "jumlah_miskin": 59
    },
    {
        "kecamatan": "SAMBIKEREP",
        "jumlah_miskin": 2476
    },
    {
        "kecamatan": "SAWAHAN",
        "jumlah_miskin": 5098
    },
    {
        "kecamatan": "SEMAMPIR",
        "jumlah_miskin": 8033
    },
    {
        "kecamatan": "SIMOKERTO",
        "jumlah_miskin": 3723
    },
    {
        "kecamatan": "SUKOLILO",
        "jumlah_miskin": 2408
    },
    {
        "kecamatan": "SUKOMANUNGGAL",
        "jumlah_miskin": 1138
    },
    {
        "kecamatan": "TAMBAKSARI",
        "jumlah_miskin": 4846
    },
    {
        "kecamatan": "TANDES",
        "jumlah_miskin": 4
    },
    {
        "kecamatan": "TEGALSARI",
        "jumlah_miskin": 5746
    },
    {
        "kecamatan": "TENGGILIS MEJOYO",
        "jumlah_miskin": 232
    },
    {
        "kecamatan": "WIYUNG",
        "jumlah_miskin": 572
    },
    {
        "kecamatan": "WONOCOLO",
        "jumlah_miskin": 2578
    },
    {
        "kecamatan": "WONOKROMO",
        "jumlah_miskin": 5041
    }
]